{
    "accuracy": 0.76875,
    "precision score": 0.8294573643410853,
    "recall score": 0.8770491803278688,
    "F1_Score": 0.8525896414342631,
    "RUC": 0.6490509059534081
}